Model,,sum,min,max,median,mean,std,silhouette_avg,davies_bouldin,time_elapsed
DOCKKES,unique_tps,998.0,10.0,171.0,25.0,36.96,34.78,0.469230418114757,1.8117083629305502,0 days 00:01:26.657101
DOCKKES,people_per_unique_tp,27.05,1.0,1.05,1.0,1.0,0.01,0.469230418114757,1.8117083629305502,0 days 00:01:26.657101
DOCKKES,patients_per_cluster,1000.0,10.0,172.0,25.0,37.04,34.91,0.469230418114757,1.8117083629305502,0 days 00:01:26.657101
DOCKKES,Sum_transition_score_all_clusters,535.02,8.53,41.96,18.15,19.82,8.0,0.469230418114757,1.8117083629305502,0 days 00:01:26.657101
DOCKKES,FinalScore,44.66,0.93,4.1,1.46,1.65,0.67,0.469230418114757,1.8117083629305502,0 days 00:01:26.657101
